SET search_path TO portopaga_1;


CREATE TABLE prontopaga_1.document_type (document_type_id INT PRIMARY KEY, name VARCHAR, code VARCHAR, created_at TIMESTAMP NOT NULL, updated_at TIMESTAMP NOT NULL, deleted_at TIMESTAMP);
CREATE TABLE prontopaga_1.commerce (commerce_id VARCHAR PRIMARY KEY, name VARCHAR, document VARCHAR, document_format VARCHAR, iso_code VARCHAR, created_at TIMESTAMP NOT NULL, updated_at TIMESTAMP NOT NULL, deleted_at TIMESTAMP);
CREATE TABLE prontopaga_1.client (client_id VARCHAR PRIMARY KEY, commerce_id VARCHAR, country_id VARCHAR, fullname VARCHAR, document VARCHAR, document_format VARCHAR, document_type_id INT, blocked SMALLINT, blocked_restriction TIMESTAMP, note TEXT, created_at TIMESTAMP NOT NULL, updated_at TIMESTAMP NOT NULL, deleted_at TIMESTAMP);
CREATE TABLE prontopaga_1.user (user_id VARCHAR PRIMARY KEY, commerce_id VARCHAR, name VARCHAR, email VARCHAR, password VARCHAR, ip VARCHAR, role VARCHAR, permissions VARCHAR, position VARCHAR, is_active BOOLEAN, created_at TIMESTAMP NOT NULL, updated_at TIMESTAMP NOT NULL, deleted_at TIMESTAMP);
CREATE TABLE prontopaga_1.types (type_id VARCHAR PRIMARY KEY, type VARCHAR(255), created_at TIMESTAMP NOT NULL, updated_at TIMESTAMP NOT NULL, deleted_at TIMESTAMP);
CREATE TABLE prontopaga_1.methods (method_id VARCHAR PRIMARY KEY, method VARCHAR(255), created_at TIMESTAMP NOT NULL, updated_at TIMESTAMP NOT NULL, deleted_at TIMESTAMP);
CREATE TABLE prontopaga_1.status (statu_id VARCHAR PRIMARY KEY, statu VARCHAR(255), created_at TIMESTAMP NOT NULL, updated_at TIMESTAMP NOT NULL, deleted_at TIMESTAMP);
CREATE TABLE prontopaga_1.countrys (country_id VARCHAR PRIMARY KEY, country VARCHAR(255), created_at TIMESTAMP NOT NULL, updated_at TIMESTAMP NOT NULL, deleted_at TIMESTAMP);
CREATE TABLE prontopaga_1.isocodes (isocode_id VARCHAR PRIMARY KEY, isocode VARCHAR, created_at TIMESTAMP NOT NULL, updated_at TIMESTAMP NOT NULL, deleted_at TIMESTAMP);
CREATE TABLE prontopaga_1.external_state (id INT PRIMARY KEY, external_state VARCHAR, created_at TIMESTAMP NOT NULL, updated_at TIMESTAMP NOT NULL, deleted_at TIMESTAMP);
CREATE TABLE prontopaga_1.internal_state (id INT PRIMARY KEY, external_state_id INT, created_at TIMESTAMP NOT NULL, updated_at TIMESTAMP NOT NULL, deleted_at TIMESTAMP);
CREATE TABLE prontopaga_1.currency (currency_id VARCHAR PRIMARY KEY, name VARCHAR(255), isocode_id VARCHAR, type_id VARCHAR, country_id VARCHAR, ivapercent DOUBLE PRECISION, data_convert TEXT, created_at TIMESTAMP NOT NULL, updated_at TIMESTAMP NOT NULL, deleted_at TIMESTAMP);
CREATE TABLE prontopaga_1.commissions (commission_id VARCHAR PRIMARY KEY, currency_id INT, type_id VARCHAR, transaction_amount DECIMAL(14,4), amount DECIMAL(14,4), ivaamount DECIMAL(14,4), ivapercent DOUBLE PRECISION, percent DOUBLE PRECISION, commission_total DECIMAL(14,4), iva_total DECIMAL(14,4), minimun_rate DECIMAL(14,4), iva_minimun_rate DECIMAL(14,4), flate_rate DECIMAL(14,4), iva_flate_rate DECIMAL(14,4), applied_rate VARCHAR(255), created_at TIMESTAMP NOT NULL, updated_at TIMESTAMP NOT NULL, deleted_at TIMESTAMP);
CREATE TABLE prontopaga_1.payin (transaction_id VARCHAR PRIMARY KEY, currency_id INT, client_id VARCHAR, client_email_id INT, client_phone_id INT, type_id VARCHAR, method_id VARCHAR, statu_id VARCHAR, country_id VARCHAR, amount DECIMAL(12,2), real_amount DECIMAL(12,2), token_ws VARCHAR(255), reference VARCHAR(255), commentary TEXT, url_confirmation VARCHAR(255), url_final VARCHAR(255), metadata VARCHAR(255), note TEXT, commission_id VARCHAR, code_response_webhook VARCHAR(255), created_at TIMESTAMP NOT NULL, updated_at TIMESTAMP NOT NULL, deleted_at TIMESTAMP);
CREATE TABLE prontopaga_1.payin_trace (id SERIAL PRIMARY KEY, transaction_id VARCHAR, request TEXT, response TEXT, internal_state_id INT, timestamp TIMESTAMP, created_at TIMESTAMP NOT NULL, updated_at TIMESTAMP NOT NULL, deleted_at TIMESTAMP);

SET search_path TO prontopaga_1;

INSERT INTO document_type VALUES (1, 'Documento RUT', 'DOC1', '2025-07-28 17:59:29', '2025-07-28 17:59:29', NULL);
INSERT INTO document_type VALUES (2, 'Documento CI', 'DOC2', '2025-07-28 17:59:29', '2025-07-28 17:59:29', NULL);
INSERT INTO document_type VALUES (3, 'Documento Pasaporte', 'DOC3', '2025-07-28 17:59:29', '2025-07-28 17:59:29', NULL);
INSERT INTO document_type VALUES (4, 'Documento DNI', 'DOC4', '2025-07-28 17:59:29', '2025-07-28 17:59:29', NULL);
INSERT INTO document_type VALUES (5, 'Documento RUT', 'DOC5', '2025-07-28 17:59:29', '2025-07-28 17:59:29', NULL);
INSERT INTO document_type VALUES (6, 'Documento CI', 'DOC6', '2025-07-28 17:59:29', '2025-07-28 17:59:29', NULL);
INSERT INTO document_type VALUES (7, 'Documento Pasaporte', 'DOC7', '2025-07-28 17:59:29', '2025-07-28 17:59:29', NULL);
INSERT INTO document_type VALUES (8, 'Documento DNI', 'DOC8', '2025-07-28 17:59:29', '2025-07-28 17:59:29', NULL);
INSERT INTO document_type VALUES (9, 'Documento RUT', 'DOC9', '2025-07-28 17:59:29', '2025-07-28 17:59:29', NULL);
INSERT INTO document_type VALUES (10, 'Documento CI', 'DOC10', '2025-07-28 17:59:29', '2025-07-28 17:59:29', NULL);
INSERT INTO commerce VALUES ('c9594f6c-046c-4065-a58f-7f2d9541fb9e', 'Comercio 1', '55864517', 'DNI', 'BRL', '2025-07-28 17:59:29', '2025-07-28 17:59:29', NULL);
INSERT INTO commerce VALUES ('cff12b72-15b1-49f9-8354-8e1f0c6b62d9', 'Comercio 2', '17971349', 'RUT', 'CLP', '2025-07-28 17:59:29', '2025-07-28 17:59:29', NULL);
INSERT INTO commerce VALUES ('ada5aa62-5f21-4328-a74c-6737da094138', 'Comercio 3', '32053597', 'CI', 'ETH', '2025-07-28 17:59:29', '2025-07-28 17:59:29', NULL);
INSERT INTO commerce VALUES ('357d0539-533b-4c62-87a7-a8f442bdd033', 'Comercio 4', '40606465', 'Pasaporte', 'EUR', '2025-07-28 17:59:29', '2025-07-28 17:59:29', NULL);
INSERT INTO commerce VALUES ('d55408e3-83a4-4360-ae5f-a157e8dad142', 'Comercio 5', '32984021', 'DNI', 'MXN', '2025-07-28 17:59:29', '2025-07-28 17:59:29', NULL);
INSERT INTO commerce VALUES ('5bce6915-a19d-47c2-a213-11c706386aa2', 'Comercio 6', '16238005', 'RUT', 'PEN', '2025-07-28 17:59:29', '2025-07-28 17:59:29', NULL);
INSERT INTO commerce VALUES ('68609058-fe4b-4485-a558-cec017fc9e8d', 'Comercio 7', '60999164', 'CI', 'TRY', '2025-07-28 17:59:29', '2025-07-28 17:59:29', NULL);
INSERT INTO commerce VALUES ('1ac18997-4d58-4ff5-8a0b-e5520d95d7e4', 'Comercio 8', '27491843', 'Pasaporte', 'USD', '2025-07-28 17:59:29', '2025-07-28 17:59:29', NULL);
INSERT INTO commerce VALUES ('956815dd-d974-4ce4-bcd7-d3c4da097e8d', 'Comercio 9', '58434839', 'DNI', 'USDC', '2025-07-28 17:59:29', '2025-07-28 17:59:29', NULL);
INSERT INTO commerce VALUES ('60862b54-8060-44f6-a71b-922bece39d36', 'Comercio 10', '69887994', 'RUT', 'USDT', '2025-07-28 17:59:29', '2025-07-28 17:59:29', NULL);
INSERT INTO client VALUES ('36f7beb7-4972-48e5-a159-20a84cdbe47f', 'c9594f6c-046c-4065-a58f-7f2d9541fb9e', 'AR', 'María Pérez', '45614914', 'DNI', 1, NULL, NULL, NULL, '2025-07-28 17:59:29', '2025-07-28 17:59:29', NULL);
INSERT INTO client VALUES ('bf3d5d26-b38f-43f0-88e4-5b6ffef35a15', 'cff12b72-15b1-49f9-8354-8e1f0c6b62d9', 'CL', 'Pedro Gómez', '42716226', 'RUT', 2, NULL, NULL, NULL, '2025-07-28 17:59:29', '2025-07-28 17:59:29', NULL);
INSERT INTO client VALUES ('0999f036-e915-4e41-a186-e10d9c9e8c66', 'ada5aa62-5f21-4328-a74c-6737da094138', 'PE', 'Lucía Rodríguez', '68139321', 'CI', 3, NULL, NULL, NULL, '2025-07-28 17:59:29', '2025-07-28 17:59:29', NULL);
INSERT INTO client VALUES ('6605222a-8810-4e59-a7f1-529e1ef303fe', '357d0539-533b-4c62-87a7-a8f442bdd033', 'MX', 'Carlos Fernández', '21112975', 'Pasaporte', 4, NULL, NULL, NULL, '2025-07-28 17:59:29', '2025-07-28 17:59:29', NULL);
INSERT INTO client VALUES ('9b66135c-aa50-4371-9c19-0ee3e8ffbbd2', 'd55408e3-83a4-4360-ae5f-a157e8dad142', 'CO', 'Ana López', '40631129', 'DNI', 5, NULL, NULL, NULL, '2025-07-28 17:59:29', '2025-07-28 17:59:29', NULL);
INSERT INTO client VALUES ('32fb89f0-7143-49d9-b78b-b829680cbcad', '5bce6915-a19d-47c2-a213-11c706386aa2', 'ES', 'Jorge Martínez', '31173414', 'RUT', 6, NULL, NULL, NULL, '2025-07-28 17:59:29', '2025-07-28 17:59:29', NULL);
INSERT INTO client VALUES ('76343a91-61d1-4f28-b305-0345d5b8cfa7', '68609058-fe4b-4485-a558-cec017fc9e8d', 'UY', 'Sofía Sánchez', '63400471', 'CI', 7, NULL, NULL, NULL, '2025-07-28 17:59:29', '2025-07-28 17:59:29', NULL);
INSERT INTO client VALUES ('a4e3d361-a3fe-4e9a-92f1-b74b55c32e28', '1ac18997-4d58-4ff5-8a0b-e5520d95d7e4', 'EC', 'Luis Ramírez', '68737145', 'Pasaporte', 8, NULL, NULL, NULL, '2025-07-28 17:59:29', '2025-07-28 17:59:29', NULL);
INSERT INTO client VALUES ('19ce96d2-28d6-4593-ab1c-525a20ed0bc1', '956815dd-d974-4ce4-bcd7-d3c4da097e8d', 'PY', 'Elena Torres', '64949536', 'DNI', 9, NULL, NULL, NULL, '2025-07-28 17:59:29', '2025-07-28 17:59:29', NULL);
INSERT INTO client VALUES ('0067e3ab-d10b-457b-9986-daa4ea1e799d', '60862b54-8060-44f6-a71b-922bece39d36', 'BO', 'Miguel Vargas', '42969578', 'RUT', 10, NULL, NULL, NULL, '2025-07-28 17:59:29', '2025-07-28 17:59:29', NULL);
INSERT INTO user VALUES ('24644c2d-5af0-4bf6-9b34-888ca8af90f3', 'c9594f6c-046c-4065-a58f-7f2d9541fb9e', 'María', 'maría@correo.com', 'clave123', '192.168.1.0', 'admin', 'lectura', 'Gerente', FALSE, '2025-07-28 17:59:29', '2025-07-28 17:59:29', NULL);
INSERT INTO user VALUES ('113191d0-7947-43e1-8e17-2df5941eef24', 'cff12b72-15b1-49f9-8354-8e1f0c6b62d9', 'Pedro', 'pedro@correo.com', 'clave123', '192.168.1.1', 'operador', 'escritura', 'Analista', FALSE, '2025-07-28 17:59:29', '2025-07-28 17:59:29', NULL);
INSERT INTO user VALUES ('257cbdd7-61a5-4075-9940-159b0d89ca11', 'ada5aa62-5f21-4328-a74c-6737da094138', 'Lucía', 'lucía@correo.com', 'clave123', '192.168.1.2', 'soporte', 'admin', 'Soporte', FALSE, '2025-07-28 17:59:29', '2025-07-28 17:59:29', NULL);
INSERT INTO user VALUES ('a82a7ba2-da92-4b6e-ae2e-0158e3892b9b', '357d0539-533b-4c62-87a7-a8f442bdd033', 'Carlos', 'carlos@correo.com', 'clave123', '192.168.1.3', 'admin', 'lectura', 'Desarrollador', TRUE, '2025-07-28 17:59:29', '2025-07-28 17:59:29', NULL);
INSERT INTO user VALUES ('8d3e887d-9c72-41e6-853e-ec6d6d2d8de3', 'd55408e3-83a4-4360-ae5f-a157e8dad142', 'Ana', 'ana@correo.com', 'clave123', '192.168.1.4', 'operador', 'escritura', 'Gerente', FALSE, '2025-07-28 17:59:29', '2025-07-28 17:59:29', NULL);
INSERT INTO user VALUES ('fd1f5a75-5441-4d1c-8697-b0db1e98ed44', '5bce6915-a19d-47c2-a213-11c706386aa2', 'Jorge', 'jorge@correo.com', 'clave123', '192.168.1.5', 'soporte', 'admin', 'Analista', TRUE, '2025-07-28 17:59:29', '2025-07-28 17:59:29', NULL);
INSERT INTO user VALUES ('af04cee5-f390-4ec8-9c59-9281253c35fb', '68609058-fe4b-4485-a558-cec017fc9e8d', 'Sofía', 'sofía@correo.com', 'clave123', '192.168.1.6', 'admin', 'lectura', 'Soporte', FALSE, '2025-07-28 17:59:29', '2025-07-28 17:59:29', NULL);
INSERT INTO user VALUES ('8c922903-1f9e-4025-b0ef-955af9353abd', '1ac18997-4d58-4ff5-8a0b-e5520d95d7e4', 'Luis', 'luis@correo.com', 'clave123', '192.168.1.7', 'operador', 'escritura', 'Desarrollador', TRUE, '2025-07-28 17:59:29', '2025-07-28 17:59:29', NULL);
INSERT INTO user VALUES ('ca3e1a50-6626-4def-9e60-0b4b7dc3973c', '956815dd-d974-4ce4-bcd7-d3c4da097e8d', 'Elena', 'elena@correo.com', 'clave123', '192.168.1.8', 'soporte', 'admin', 'Gerente', TRUE, '2025-07-28 17:59:29', '2025-07-28 17:59:29', NULL);
INSERT INTO user VALUES ('e0a1393e-6a25-4d6e-a764-17f17bd20084', '60862b54-8060-44f6-a71b-922bece39d36', 'Miguel', 'miguel@correo.com', 'clave123', '192.168.1.9', 'admin', 'lectura', 'Analista', TRUE, '2025-07-28 17:59:29', '2025-07-28 17:59:29', NULL);
INSERT INTO types VALUES ('7429f175-75a9-4b17-ab89-3b6c92f37bb6', 'Depósito', '2025-07-28 17:59:29', '2025-07-28 17:59:29', NULL);
INSERT INTO types VALUES ('a8b7f686-e111-445c-b20d-f426a10163ab', 'Enlace', '2025-07-28 17:59:29', '2025-07-28 17:59:29', NULL);
INSERT INTO types VALUES ('411c3465-a522-421e-99ee-782c40c6279e', 'Aprobación Manual', '2025-07-28 17:59:29', '2025-07-28 17:59:29', NULL);
INSERT INTO types VALUES ('2659714e-e5de-4e85-8c5f-a716833d40bb', 'Reverso', '2025-07-28 17:59:29', '2025-07-28 17:59:29', NULL);
INSERT INTO types VALUES ('2f29e930-862b-4c83-b4a0-5cd6b3ebb371', 'Tarjeta', '2025-07-28 17:59:29', '2025-07-28 17:59:29', NULL);
INSERT INTO types VALUES ('e3e5a90a-4890-4c6e-b927-07877175679c', 'Pago', '2025-07-28 17:59:29', '2025-07-28 17:59:29', NULL);
INSERT INTO types VALUES ('09b8c7a0-635c-4269-9b0f-a249f9fd75ab', 'Retiro', '2025-07-28 17:59:29', '2025-07-28 17:59:29', NULL);
INSERT INTO types VALUES ('b1b11ce7-d942-4d59-8f8e-12886aa3acf6', 'Cripto', '2025-07-28 17:59:29', '2025-07-28 17:59:29', NULL);
INSERT INTO types VALUES ('e901e0aa-13f5-427b-8713-009d89e8a621', 'Fiat', '2025-07-28 17:59:29', '2025-07-28 17:59:29', NULL);
INSERT INTO types VALUES ('3f955aeb-d1c3-44c1-a3fa-c7d66f710800', 'Transferencia', '2025-07-28 17:59:29', '2025-07-28 17:59:29', NULL);
INSERT INTO methods VALUES ('c03a5862-26d0-44ad-afa7-1c9dd5abe5f6', 'Transferencia Bancaria', '2025-07-28 17:59:29', '2025-07-28 17:59:29', NULL);
INSERT INTO methods VALUES ('9c65163f-1646-4784-b362-c457d840e2e8', 'Payphone EC', '2025-07-28 17:59:29', '2025-07-28 17:59:29', NULL);
INSERT INTO methods VALUES ('55139b34-e896-427d-9fb8-73198933ea34', 'WebPay', '2025-07-28 17:59:29', '2025-07-28 17:59:29', NULL);
INSERT INTO methods VALUES ('e80ef0c6-e5aa-4759-b258-36bf07564a3e', 'MercadoPago', '2025-07-28 17:59:29', '2025-07-28 17:59:29', NULL);
INSERT INTO methods VALUES ('8b44af7d-99d2-48f3-bff2-4a28e8eaa737', 'Nequi', '2025-07-28 17:59:29', '2025-07-28 17:59:29', NULL);
INSERT INTO methods VALUES ('1931f6d5-cfff-4da1-99f1-cea24f493078', 'PSE', '2025-07-28 17:59:29', '2025-07-28 17:59:29', NULL);
INSERT INTO methods VALUES ('a873be5d-abe4-4736-a05e-6da6aea10f23', 'Yape', '2025-07-28 17:59:29', '2025-07-28 17:59:29', NULL);
INSERT INTO methods VALUES ('65e1f21b-fa21-46be-9b25-48e130968f43', 'Plin', '2025-07-28 17:59:29', '2025-07-28 17:59:29', NULL);
INSERT INTO methods VALUES ('e914fec7-c7b0-49c0-ba89-5d2a4f281bfb', 'Linkser', '2025-07-28 17:59:29', '2025-07-28 17:59:29', NULL);
INSERT INTO methods VALUES ('46f16769-f1f0-4ffd-a668-ae44d6ba16fd', 'DLocal', '2025-07-28 17:59:29', '2025-07-28 17:59:29', NULL);
INSERT INTO status VALUES ('a609f998-e84a-4044-a2fe-14de626c5f40', 'Cancelado', '2025-07-28 17:59:29', '2025-07-28 17:59:29', NULL);
INSERT INTO status VALUES ('09dd91fc-9b41-41bc-b3ef-8c1a5feda090', 'Expirado', '2025-07-28 17:59:29', '2025-07-28 17:59:29', NULL);
INSERT INTO status VALUES ('5ef6e48f-f4fd-4da9-973c-7a5fdb8e7514', 'Pagado', '2025-07-28 17:59:29', '2025-07-28 17:59:29', NULL);
INSERT INTO status VALUES ('705ca034-b53d-4288-bfa1-e039ff460bd1', 'Pendiente', '2025-07-28 17:59:29', '2025-07-28 17:59:29', NULL);
INSERT INTO status VALUES ('31583312-67ed-4739-9304-7335e99fc2b3', 'Reembolsado', '2025-07-28 17:59:29', '2025-07-28 17:59:29', NULL);
INSERT INTO status VALUES ('e657bf9f-ef9f-40e2-af07-3c63e98de5e3', 'Rechazado', '2025-07-28 17:59:29', '2025-07-28 17:59:29', NULL);
INSERT INTO status VALUES ('4d4c64eb-a288-42cb-a1fb-372a999820a2', 'Éxito', '2025-07-28 17:59:29', '2025-07-28 17:59:29', NULL);
INSERT INTO status VALUES ('3f029e6f-f9af-4f90-b0e2-ea41bf975e38', 'Cancelado', '2025-07-28 17:59:29', '2025-07-28 17:59:29', NULL);
INSERT INTO status VALUES ('cb13b8f8-47dd-4a69-b20b-19bdfeaa1907', 'Expirado', '2025-07-28 17:59:29', '2025-07-28 17:59:29', NULL);
INSERT INTO status VALUES ('a6927ada-1890-4b2a-977e-6dd4b82ed5f0', 'Pagado', '2025-07-28 17:59:29', '2025-07-28 17:59:29', NULL);
INSERT INTO countrys VALUES ('AR', 'Argentina', '2025-07-28 17:59:29', '2025-07-28 17:59:29', NULL);
INSERT INTO countrys VALUES ('CL', 'Chile', '2025-07-28 17:59:29', '2025-07-28 17:59:29', NULL);
INSERT INTO countrys VALUES ('PE', 'Perú', '2025-07-28 17:59:29', '2025-07-28 17:59:29', NULL);
INSERT INTO countrys VALUES ('MX', 'México', '2025-07-28 17:59:29', '2025-07-28 17:59:29', NULL);
INSERT INTO countrys VALUES ('CO', 'Colombia', '2025-07-28 17:59:29', '2025-07-28 17:59:29', NULL);
INSERT INTO countrys VALUES ('ES', 'España', '2025-07-28 17:59:29', '2025-07-28 17:59:29', NULL);
INSERT INTO countrys VALUES ('UY', 'Uruguay', '2025-07-28 17:59:29', '2025-07-28 17:59:29', NULL);
INSERT INTO countrys VALUES ('EC', 'Ecuador', '2025-07-28 17:59:29', '2025-07-28 17:59:29', NULL);
INSERT INTO countrys VALUES ('PY', 'Paraguay', '2025-07-28 17:59:29', '2025-07-28 17:59:29', NULL);
INSERT INTO countrys VALUES ('BO', 'Bolivia', '2025-07-28 17:59:29', '2025-07-28 17:59:29', NULL);
INSERT INTO isocodes VALUES ('1', 'BRL', '2025-07-28 17:59:29', '2025-07-28 17:59:29', NULL);
INSERT INTO isocodes VALUES ('2', 'CLP', '2025-07-28 17:59:29', '2025-07-28 17:59:29', NULL);
INSERT INTO isocodes VALUES ('3', 'ETH', '2025-07-28 17:59:29', '2025-07-28 17:59:29', NULL);
INSERT INTO isocodes VALUES ('4', 'EUR', '2025-07-28 17:59:29', '2025-07-28 17:59:29', NULL);
INSERT INTO isocodes VALUES ('5', 'MXN', '2025-07-28 17:59:29', '2025-07-28 17:59:29', NULL);
INSERT INTO isocodes VALUES ('6', 'PEN', '2025-07-28 17:59:29', '2025-07-28 17:59:29', NULL);
INSERT INTO isocodes VALUES ('7', 'TRY', '2025-07-28 17:59:29', '2025-07-28 17:59:29', NULL);
INSERT INTO isocodes VALUES ('8', 'USD', '2025-07-28 17:59:29', '2025-07-28 17:59:29', NULL);
INSERT INTO isocodes VALUES ('9', 'USDC', '2025-07-28 17:59:29', '2025-07-28 17:59:29', NULL);
INSERT INTO isocodes VALUES ('10', 'USDT', '2025-07-28 17:59:29', '2025-07-28 17:59:29', NULL);
INSERT INTO external_state VALUES (1, 'Cancelado', '2025-07-28 17:59:29', '2025-07-28 17:59:29', NULL);
INSERT INTO external_state VALUES (2, 'Completado', '2025-07-28 17:59:29', '2025-07-28 17:59:29', NULL);
INSERT INTO external_state VALUES (3, 'Creado', '2025-07-28 17:59:29', '2025-07-28 17:59:29', NULL);
INSERT INTO external_state VALUES (4, 'Expirado', '2025-07-28 17:59:29', '2025-07-28 17:59:29', NULL);
INSERT INTO external_state VALUES (5, 'Fallido', '2025-07-28 17:59:29', '2025-07-28 17:59:29', NULL);
INSERT INTO external_state VALUES (6, 'Pendiente', '2025-07-28 17:59:29', '2025-07-28 17:59:29', NULL);
INSERT INTO external_state VALUES (7, 'Reembolso', '2025-07-28 17:59:29', '2025-07-28 17:59:29', NULL);
INSERT INTO external_state VALUES (8, 'Rechazado', '2025-07-28 17:59:29', '2025-07-28 17:59:29', NULL);
INSERT INTO external_state VALUES (9, 'Reversado', '2025-07-28 17:59:29', '2025-07-28 17:59:29', NULL);
INSERT INTO external_state VALUES (10, 'Éxito', '2025-07-28 17:59:29', '2025-07-28 17:59:29', NULL);
INSERT INTO internal_state VALUES (1, 1, '2025-07-28 17:59:29', '2025-07-28 17:59:29', NULL);
INSERT INTO internal_state VALUES (2, 2, '2025-07-28 17:59:29', '2025-07-28 17:59:29', NULL);
INSERT INTO internal_state VALUES (3, 3, '2025-07-28 17:59:29', '2025-07-28 17:59:29', NULL);
INSERT INTO internal_state VALUES (4, 4, '2025-07-28 17:59:29', '2025-07-28 17:59:29', NULL);
INSERT INTO internal_state VALUES (5, 5, '2025-07-28 17:59:29', '2025-07-28 17:59:29', NULL);
INSERT INTO internal_state VALUES (6, 6, '2025-07-28 17:59:29', '2025-07-28 17:59:29', NULL);
INSERT INTO internal_state VALUES (7, 7, '2025-07-28 17:59:29', '2025-07-28 17:59:29', NULL);
INSERT INTO internal_state VALUES (8, 8, '2025-07-28 17:59:29', '2025-07-28 17:59:29', NULL);
INSERT INTO internal_state VALUES (9, 9, '2025-07-28 17:59:29', '2025-07-28 17:59:29', NULL);
INSERT INTO internal_state VALUES (10, 10, '2025-07-28 17:59:29', '2025-07-28 17:59:29', NULL);
INSERT INTO currency VALUES ('f384dbb8-252c-4d33-a8e8-a3050863dc35', 'Moneda BRL', '1', '7429f175-75a9-4b17-ab89-3b6c92f37bb6', 'AR', 4.24, 'Texto de ejemplo 433a', '2025-07-28 17:59:29', '2025-07-28 17:59:29', NULL);
INSERT INTO currency VALUES ('2cecef29-95d7-4177-9bcf-ad383eae421f', 'Moneda CLP', '2', 'a8b7f686-e111-445c-b20d-f426a10163ab', 'CL', 20.17, 'Texto de ejemplo 2b5d', '2025-07-28 17:59:29', '2025-07-28 17:59:29', NULL);
INSERT INTO currency VALUES ('f2ca6081-9580-45de-9b3e-754b72e28dc3', 'Moneda ETH', '3', '411c3465-a522-421e-99ee-782c40c6279e', 'PE', 13.97, 'Texto de ejemplo fdbf', '2025-07-28 17:59:29', '2025-07-28 17:59:29', NULL);
INSERT INTO currency VALUES ('f691c506-4617-4e91-9443-677ddf993d52', 'Moneda EUR', '4', '2659714e-e5de-4e85-8c5f-a716833d40bb', 'MX', 8.26, 'Texto de ejemplo c1b2', '2025-07-28 17:59:29', '2025-07-28 17:59:29', NULL);
INSERT INTO currency VALUES ('2d3e7829-0f9f-4cc4-b448-18e80bc096d7', 'Moneda MXN', '5', '2f29e930-862b-4c83-b4a0-5cd6b3ebb371', 'CO', 7.14, 'Texto de ejemplo 7848', '2025-07-28 17:59:29', '2025-07-28 17:59:29', NULL);
INSERT INTO currency VALUES ('64e5b2c4-1e28-4312-a941-f5729f409358', 'Moneda PEN', '6', 'e3e5a90a-4890-4c6e-b927-07877175679c', 'ES', 9.69, 'Texto de ejemplo 1d9a', '2025-07-28 17:59:29', '2025-07-28 17:59:29', NULL);
INSERT INTO currency VALUES ('ca13a00d-290e-42f8-be14-7d3744e2d862', 'Moneda TRY', '7', '09b8c7a0-635c-4269-9b0f-a249f9fd75ab', 'UY', 2.61, 'Texto de ejemplo 65c6', '2025-07-28 17:59:29', '2025-07-28 17:59:29', NULL);
INSERT INTO currency VALUES ('5d3251f8-8e29-438f-b1bc-85c83489b786', 'Moneda USD', '8', 'b1b11ce7-d942-4d59-8f8e-12886aa3acf6', 'EC', 9.91, 'Texto de ejemplo 9a6a', '2025-07-28 17:59:29', '2025-07-28 17:59:29', NULL);
INSERT INTO currency VALUES ('9455a273-d3d2-4f0a-8def-b0f3ce5e4b23', 'Moneda USDC', '9', 'e901e0aa-13f5-427b-8713-009d89e8a621', 'PY', 20.26, 'Texto de ejemplo f3df', '2025-07-28 17:59:29', '2025-07-28 17:59:29', NULL);
INSERT INTO currency VALUES ('8962a964-670e-4c59-80f4-21aa7aea9561', 'Moneda USDT', '10', '3f955aeb-d1c3-44c1-a3fa-c7d66f710800', 'BO', 9.64, 'Texto de ejemplo 0ee2', '2025-07-28 17:59:29', '2025-07-28 17:59:29', NULL);
INSERT INTO commissions VALUES ('275e8e62-7d3b-4abb-aea1-0153b660495b', 1, '7429f175-75a9-4b17-ab89-3b6c92f37bb6', 333.28, 828.85, 965.87, 20.05, 4.47, 924.84, 118.25, 458.83, 397.85, 712.57, 819.69, 'Tasa 0', '2025-07-28 17:59:29', '2025-07-28 17:59:29', NULL);
INSERT INTO commissions VALUES ('b7a57566-b680-4cf1-aa60-6ea174245322', 2, 'a8b7f686-e111-445c-b20d-f426a10163ab', 421.52, 81.41, 37.79, 11.62, 1.48, 965.15, 400.01, 864.64, 779.52, 219.1, 99.54, 'Tasa 1', '2025-07-28 17:59:29', '2025-07-28 17:59:29', NULL);
INSERT INTO commissions VALUES ('b5a012e5-8657-4e63-8e43-8873c312a157', 3, '411c3465-a522-421e-99ee-782c40c6279e', 244.59, 171.79, 903.92, 12.42, 1.22, 59.02, 788.3, 90.13, 393.33, 511.25, 783.51, 'Tasa 2', '2025-07-28 17:59:29', '2025-07-28 17:59:29', NULL);
INSERT INTO commissions VALUES ('84a00e22-77cc-4324-88e1-78b1a7b1ab2b', 4, '2659714e-e5de-4e85-8c5f-a716833d40bb', 968.2, 706.58, 378.62, 3.49, 6.93, 489.42, 973.65, 106.88, 762.04, 761.6, 26.43, 'Tasa 3', '2025-07-28 17:59:29', '2025-07-28 17:59:29', NULL);
INSERT INTO commissions VALUES ('38307006-80e1-4611-98d2-87729e86109d', 5, '2f29e930-862b-4c83-b4a0-5cd6b3ebb371', 603.22, 787.45, 831.09, 6.61, 0.85, 651.68, 346.49, 728.89, 311.62, 29.45, 730.17, 'Tasa 4', '2025-07-28 17:59:29', '2025-07-28 17:59:29', NULL);
INSERT INTO commissions VALUES ('e5f884c7-5725-4acc-9420-a0ee87aa9a5a', 6, 'e3e5a90a-4890-4c6e-b927-07877175679c', 479.47, 347.29, 133.24, 3.92, 18.61, 472.66, 17.27, 714.9, 800.95, 612.51, 978.82, 'Tasa 5', '2025-07-28 17:59:29', '2025-07-28 17:59:29', NULL);
INSERT INTO commissions VALUES ('4e95abf9-71f9-43e8-b8d3-df68f49d1dfc', 7, '09b8c7a0-635c-4269-9b0f-a249f9fd75ab', 350.75, 751.66, 714.14, 5.8, 14.07, 611.09, 215.53, 621.23, 36.31, 357.39, 73.45, 'Tasa 6', '2025-07-28 17:59:29', '2025-07-28 17:59:29', NULL);
INSERT INTO commissions VALUES ('c97818ed-2d2e-42fd-917f-f6c18933a790', 8, 'b1b11ce7-d942-4d59-8f8e-12886aa3acf6', 396.1, 600.9, 344.04, 15.72, 1.72, 183.51, 489.17, 902.17, 743.92, 471.56, 180.95, 'Tasa 7', '2025-07-28 17:59:29', '2025-07-28 17:59:29', NULL);
INSERT INTO commissions VALUES ('4c0bd25f-0a85-44f2-8bf3-15c9aadd4a6a', 9, 'e901e0aa-13f5-427b-8713-009d89e8a621', 827.29, 544.35, 34.88, 3.07, 19.59, 948.88, 222.1, 47.07, 551.16, 384.17, 416.17, 'Tasa 8', '2025-07-28 17:59:29', '2025-07-28 17:59:29', NULL);
INSERT INTO commissions VALUES ('58039d2b-ba09-4939-80f4-eef82dcaf093', 10, '3f955aeb-d1c3-44c1-a3fa-c7d66f710800', 920.52, 489.58, 629.1, 3.21, 9.13, 528.27, 786.07, 64.54, 875.14, 221.2, 325.34, 'Tasa 9', '2025-07-28 17:59:29', '2025-07-28 17:59:29', NULL);
INSERT INTO payin VALUES ('75d1a1bd-ac8e-4b66-aa58-1bd45665e12e', 1, '36f7beb7-4972-48e5-a159-20a84cdbe47f', 1, 1, '7429f175-75a9-4b17-ab89-3b6c92f37bb6', 'c03a5862-26d0-44ad-afa7-1c9dd5abe5f6', 'a609f998-e84a-4044-a2fe-14de626c5f40', 'AR', 37.51, 290.33, 'token_6a1ba8', 'ref_f9b09b', 'Texto de ejemplo 5a29', 'url_80a9b0', 'url_58a2d4', 'meta_2ac1fe', 'Texto de ejemplo dfdc', '9c449326-285e-450d-8924-f044a3cb269f', 'resp_905391', '2025-07-28 17:59:29', '2025-07-28 17:59:29', NULL);
INSERT INTO payin VALUES ('7c90dc96-8782-42ca-8cb2-eca6a6cc05bf', 2, 'bf3d5d26-b38f-43f0-88e4-5b6ffef35a15', 2, 2, 'a8b7f686-e111-445c-b20d-f426a10163ab', '9c65163f-1646-4784-b362-c457d840e2e8', '09dd91fc-9b41-41bc-b3ef-8c1a5feda090', 'CL', 688.41, 393.19, 'token_b4f911', 'ref_39f749', 'Texto de ejemplo 007e', 'url_3187dd', 'url_b4ec46', 'meta_6672ab', 'Texto de ejemplo ae76', '377617c9-2fd9-426b-b60b-cf10e8710b17', 'resp_8e90bb', '2025-07-28 17:59:29', '2025-07-28 17:59:29', NULL);
INSERT INTO payin VALUES ('4ea5e226-e289-4738-9517-1f6983021380', 3, '0999f036-e915-4e41-a186-e10d9c9e8c66', 3, 3, '411c3465-a522-421e-99ee-782c40c6279e', '55139b34-e896-427d-9fb8-73198933ea34', '5ef6e48f-f4fd-4da9-973c-7a5fdb8e7514', 'PE', 465.59, 126.36, 'token_339571', 'ref_52c0e7', 'Texto de ejemplo 9638', 'url_0f5cf7', 'url_133f89', 'meta_823dbd', 'Texto de ejemplo 153c', '664bf539-fe6e-430d-9976-86d6978256ca', 'resp_62d7ba', '2025-07-28 17:59:29', '2025-07-28 17:59:29', NULL);
INSERT INTO payin VALUES ('f4b34576-bc15-4ceb-a704-04d8c7b3ec35', 4, '6605222a-8810-4e59-a7f1-529e1ef303fe', 4, 4, '2659714e-e5de-4e85-8c5f-a716833d40bb', 'e80ef0c6-e5aa-4759-b258-36bf07564a3e', '705ca034-b53d-4288-bfa1-e039ff460bd1', 'MX', 184.67, 291.18, 'token_89345d', 'ref_ba603e', 'Texto de ejemplo 87b5', 'url_efb7ff', 'url_99728f', 'meta_370cc3', 'Texto de ejemplo c913', '9e73858b-1947-4f85-addb-ec17f9b83ab6', 'resp_167b31', '2025-07-28 17:59:29', '2025-07-28 17:59:29', NULL);
INSERT INTO payin VALUES ('54902986-a80c-4c58-85a4-a77231204cb5', 5, '9b66135c-aa50-4371-9c19-0ee3e8ffbbd2', 5, 5, '2f29e930-862b-4c83-b4a0-5cd6b3ebb371', '8b44af7d-99d2-48f3-bff2-4a28e8eaa737', '31583312-67ed-4739-9304-7335e99fc2b3', 'CO', 115.31, 423.18, 'token_e895bc', 'ref_f6ca7a', 'Texto de ejemplo 94ff', 'url_09d54c', 'url_7d48a0', 'meta_5281ef', 'Texto de ejemplo 4c98', 'ba457991-d0e3-4ea0-bbc1-1776da0c506c', 'resp_b88a59', '2025-07-28 17:59:29', '2025-07-28 17:59:29', NULL);
INSERT INTO payin VALUES ('73f21899-6c55-49b7-bdcd-8d64397c03fe', 6, '32fb89f0-7143-49d9-b78b-b829680cbcad', 6, 6, 'e3e5a90a-4890-4c6e-b927-07877175679c', '1931f6d5-cfff-4da1-99f1-cea24f493078', 'e657bf9f-ef9f-40e2-af07-3c63e98de5e3', 'ES', 684.45, 455.83, 'token_b33eab', 'ref_b7659b', 'Texto de ejemplo faf5', 'url_0590f1', 'url_d9bc4d', 'meta_b51684', 'Texto de ejemplo 9401', 'fd3c3780-9e46-4c52-ac18-531759d6117f', 'resp_6a182c', '2025-07-28 17:59:29', '2025-07-28 17:59:29', NULL);
INSERT INTO payin VALUES ('4fc7a95a-8595-41a3-893a-157beb4b5fbf', 7, '76343a91-61d1-4f28-b305-0345d5b8cfa7', 7, 7, '09b8c7a0-635c-4269-9b0f-a249f9fd75ab', 'a873be5d-abe4-4736-a05e-6da6aea10f23', '4d4c64eb-a288-42cb-a1fb-372a999820a2', 'UY', 215.31, 968.31, 'token_dd0605', 'ref_92d112', 'Texto de ejemplo 1fcb', 'url_c71fa2', 'url_116e09', 'meta_a2d614', 'Texto de ejemplo 27c5', '1933bd72-832b-4456-aebb-6c5c37c482f6', 'resp_0df73d', '2025-07-28 17:59:29', '2025-07-28 17:59:29', NULL);
INSERT INTO payin VALUES ('6d6c7ee6-4572-4b45-a2e4-2d0062a2580c', 8, 'a4e3d361-a3fe-4e9a-92f1-b74b55c32e28', 8, 8, 'b1b11ce7-d942-4d59-8f8e-12886aa3acf6', '65e1f21b-fa21-46be-9b25-48e130968f43', '3f029e6f-f9af-4f90-b0e2-ea41bf975e38', 'EC', 747.89, 839.61, 'token_5e85c8', 'ref_bb0f02', 'Texto de ejemplo a8a8', 'url_72fa0d', 'url_ec7c77', 'meta_c748da', 'Texto de ejemplo 68d3', '810f23e4-2b66-43a0-9498-aecf1326e821', 'resp_64d5a2', '2025-07-28 17:59:29', '2025-07-28 17:59:29', NULL);
INSERT INTO payin VALUES ('e38337fd-03d8-46d2-b653-09e285af6309', 9, '19ce96d2-28d6-4593-ab1c-525a20ed0bc1', 9, 9, 'e901e0aa-13f5-427b-8713-009d89e8a621', 'e914fec7-c7b0-49c0-ba89-5d2a4f281bfb', 'cb13b8f8-47dd-4a69-b20b-19bdfeaa1907', 'PY', 106.15, 558.29, 'token_53a6fd', 'ref_27ca59', 'Texto de ejemplo df8e', 'url_1a6d8d', 'url_7bac20', 'meta_c7b25d', 'Texto de ejemplo cab8', '158aef54-a2e5-49d6-972c-afd21cbe6ab6', 'resp_d9b2ef', '2025-07-28 17:59:29', '2025-07-28 17:59:29', NULL);
INSERT INTO payin VALUES ('b4cc936b-cdfb-43b3-ab6a-4490ed1e8c49', 10, '0067e3ab-d10b-457b-9986-daa4ea1e799d', 10, 10, '3f955aeb-d1c3-44c1-a3fa-c7d66f710800', '46f16769-f1f0-4ffd-a668-ae44d6ba16fd', 'a6927ada-1890-4b2a-977e-6dd4b82ed5f0', 'BO', 982.49, 317.31, 'token_c44707', 'ref_d55569', 'Texto de ejemplo 8491', 'url_71f513', 'url_33f837', 'meta_039d09', 'Texto de ejemplo c622', '7d33f6c5-9dd6-4e22-a4aa-936282a3b4fc', 'resp_9a06da', '2025-07-28 17:59:29', '2025-07-28 17:59:29', NULL);
INSERT INTO payin_trace VALUES (1, '75d1a1bd-ac8e-4b66-aa58-1bd45665e12e', 'Texto de ejemplo e85b', 'Texto de ejemplo a523', 1, '2025-07-28 17:59:29', '2025-07-28 17:59:29', '2025-07-28 17:59:29', NULL);
INSERT INTO payin_trace VALUES (2, '7c90dc96-8782-42ca-8cb2-eca6a6cc05bf', 'Texto de ejemplo b22f', 'Texto de ejemplo 0174', 2, '2025-07-28 17:59:29', '2025-07-28 17:59:29', '2025-07-28 17:59:29', NULL);
INSERT INTO payin_trace VALUES (3, '4ea5e226-e289-4738-9517-1f6983021380', 'Texto de ejemplo eaee', 'Texto de ejemplo a8df', 3, '2025-07-28 17:59:29', '2025-07-28 17:59:29', '2025-07-28 17:59:29', NULL);
INSERT INTO payin_trace VALUES (4, 'f4b34576-bc15-4ceb-a704-04d8c7b3ec35', 'Texto de ejemplo 5983', 'Texto de ejemplo 7eb9', 4, '2025-07-28 17:59:29', '2025-07-28 17:59:29', '2025-07-28 17:59:29', NULL);
INSERT INTO payin_trace VALUES (5, '54902986-a80c-4c58-85a4-a77231204cb5', 'Texto de ejemplo a0b1', 'Texto de ejemplo c9a3', 5, '2025-07-28 17:59:29', '2025-07-28 17:59:29', '2025-07-28 17:59:29', NULL);
INSERT INTO payin_trace VALUES (6, '73f21899-6c55-49b7-bdcd-8d64397c03fe', 'Texto de ejemplo 51a0', 'Texto de ejemplo 396d', 6, '2025-07-28 17:59:29', '2025-07-28 17:59:29', '2025-07-28 17:59:29', NULL);
INSERT INTO payin_trace VALUES (7, '4fc7a95a-8595-41a3-893a-157beb4b5fbf', 'Texto de ejemplo d967', 'Texto de ejemplo c3fe', 7, '2025-07-28 17:59:29', '2025-07-28 17:59:29', '2025-07-28 17:59:29', NULL);
INSERT INTO payin_trace VALUES (8, '6d6c7ee6-4572-4b45-a2e4-2d0062a2580c', 'Texto de ejemplo 60ff', 'Texto de ejemplo cf3a', 8, '2025-07-28 17:59:29', '2025-07-28 17:59:29', '2025-07-28 17:59:29', NULL);
INSERT INTO payin_trace VALUES (9, 'e38337fd-03d8-46d2-b653-09e285af6309', 'Texto de ejemplo 7aa0', 'Texto de ejemplo f7a6', 9, '2025-07-28 17:59:29', '2025-07-28 17:59:29', '2025-07-28 17:59:29', NULL);
INSERT INTO payin_trace VALUES (10, 'b4cc936b-cdfb-43b3-ab6a-4490ed1e8c49', 'Texto de ejemplo 411a', 'Texto de ejemplo efb7', 10, '2025-07-28 17:59:29', '2025-07-28 17:59:29', '2025-07-28 17:59:29', NULL);
